Site	C1	C2	C3	C4	gamma>1	d_Zi	d_Ph
7	0	0.87	0	0.13	1	0.00017	-8.33045
16	0	0	0.002	0.998	0.998	-1.49755	-0.00014
24	0.001	0.743	0	0.256	0.999	0.00000	0.46807
45	0.001	0.745	0	0.254	0.999	0.00000	-0.00003
51	0.001	0.706	0	0.293	0.999	0.00003	0.00015
83	0	0.982	0	0.018	1	-0.00022	0.00007
88	0	0.998	0	0.002	1	-2.74320	-0.00196
94	0.001	0.895	0	0.105	1	-0.00006	-0.00011
101	0.002	0.83	0	0.168	0.998	0.00005	0.00016
105	0.003	0.853	0	0.143	0.996	0.00000	0.00000
112	0	0	0.001	0.999	0.999	0.00000	-0.00009
158	0.002	0.81	0	0.188	0.998	0.00005	0.00016
169	0.002	0.828	0	0.17	0.998	0.00005	0.00016
194	0	0.856	0	0.144	1	-1.21494	0.00588
195	0	0.024	0	0.976	1	-0.00545	0.16767
213	0	0.843	0	0.157	1	0.00004	-0.00013
220	0.001	0.749	0	0.25	0.999	0.00000	-0.00003
270	0.003	0.929	0	0.068	0.997	-0.00003	-0.00002
282	0	0.988	0	0.012	1	-0.00002	0.00881
292	0	0.995	0	0.005	1	0.00009	-0.00009
299	0	0.974	0	0.026	1	-4.04436	-4.27702
325	0.001	0.745	0	0.254	0.999	0.00006	0.00005
329	0	0.84	0	0.16	1	0.00012	0.00034
333	0	0.975	0	0.025	1	5.08125	-0.01427
